series,n,n_pos,zero_share,median_gap_s,mean_gap_s,hill_frac10,hill_frac10_se,hill_frac10_k,hill_plateau,hill_plateau_se,hill_plateau_k,rm_ratio,csn_alpha,csn_xmin,csn_n_tail,csn_p,csn_n_used,symbol,qvol_24h,n_agg,n_fills_total,fills_per_order,diurnal_range
fill,540312,139721,0.7414068168021439,0.34599995613098145,0.1599062948814053,1.310406476409334,0.005637473690531648,54031,0.2410100384892544,0.0006678048985796978,130248,1.0458876964153294,3.337454607458736,2.171999931335449,1002.0,0.0,20000.0,BTCUSDT,469369948.7726923,185782,540313,2.9083172750858535,
order,185781,139721,0.24792632185207314,0.34599995613098145,0.4650598823343714,2.2681706996215767,0.016640878765496265,18578,1.191333132187138,0.004838861206446268,60615,1.14225718750492,2.6952851752180798,1.7220001220703125,1622.0,0.0,20000.0,BTCUSDT,469369948.7726923,185782,540313,2.9083172750858535,
W0.1,107964,107964,0.0,0.5329999923706055,0.800260179318679,2.7982563161670906,0.02693122168182092,10796,1.9167612828260234,0.011417589326836624,28183,0.9760375122705083,,,,,,BTCUSDT,469369948.7726923,185782,540313,2.9083172750858535,
W1,49154,49154,0.0,1.4789998531341553,1.7577155877465407,3.838709409913815,0.054754961282963706,4915,3.0929290691589104,0.027618740938653533,12541,0.9817197474807184,,,,,,BTCUSDT,469369948.7726923,185782,540313,2.9083172750858535,
W5,14950,14950,0.0,5.493000030517578,5.7790564548530705,8.047670398372423,0.20813714098823327,1495,7.454124484448922,0.10672735418983181,4878,0.9927783177066787,,,,,,BTCUSDT,469369948.7726923,185782,540313,2.9083172750858535,
W30,2811,2811,0.0,30.466000080108643,30.731014941265386,39.93280062048721,2.382191166194991,281,38.738353347017394,1.3544547617984157,818,0.9999098497339618,,,,,,BTCUSDT,469369948.7726923,185782,540313,2.9083172750858535,
deseas,185781,139721,0.24792632185207314,0.3683124295612637,0.48219503498290617,2.280861458397956,0.016733987003899626,18578,1.1999827601917796,0.004873993570577711,60615,1.005563898557109,2.809079368475807,1.8047625519876707,1621.0,0.0,20000.0,BTCUSDT,469369948.7726923,185782,540313,2.9083172750858535,2.253787978803626
fill,409629,78265,0.8089368672628159,0.4960000514984131,0.2109141222908763,0.8306563233949599,0.004104171476549618,40963,0.20400320651810372,0.0007552670421186186,72958,1.0252875687696965,3.0171129043570337,4.264999878406525,1000.0,0.0,20000.0,ETHUSDT,200616691.372441,107773,409630,3.800859213346571,
order,107772,78265,0.27379096611364734,0.4960000514984131,0.8016603663278902,2.008512869966933,0.019347536626176328,10777,1.1153421639108112,0.006366630950336248,30690,1.0168527634112736,3.0964517595311563,4.33110008239746,1000.0,0.0,20000.0,ETHUSDT,200616691.372441,107773,409630,3.800859213346571,
W0.1,59203,59203,0.0,0.8659999370574951,1.4593270780178265,2.568403883954751,0.03338123995497162,5920,1.695214837889967,0.013336164478330621,16158,0.970811793260405,,,,,,ETHUSDT,200616691.372441,107773,409630,3.800859213346571,
W1,33982,33982,0.0,1.934000015258789,2.5424057442124193,3.274152248379841,0.05616777017635212,3398,2.140450896911894,0.02032816820288971,11087,0.9475970440484803,,,,,,ETHUSDT,200616691.372441,107773,409630,3.800859213346571,
W5,13098,13098,0.0,5.9984999895095825,6.595992059848895,5.32944431200162,0.1472469408298883,1310,4.5544442279543595,0.073795503782128,3809,0.9759751325479534,,,,,,ETHUSDT,200616691.372441,107773,409630,3.800859213346571,
W30,2732,2732,0.0,31.025999903678894,31.621047950157482,18.017045165087538,1.0904411791248307,273,17.70740665553091,0.592887827381271,892,0.9955903467166077,,,,,,ETHUSDT,200616691.372441,107773,409630,3.800859213346571,
deseas,107772,78265,0.27379096611364734,0.5115203123818841,0.8172529978181237,2.0105632903460746,0.01936728784807672,10777,1.0086214622937082,0.005428347620606922,34524,1.0143878340918913,2.9989716038690615,4.367916137734296,1000.0,0.0,20000.0,ETHUSDT,200616691.372441,107773,409630,3.800859213346571,1.8665216919935574
fill,530333,211838,0.6005566313995169,0.21300005912780762,0.16291376361658863,1.6364526758092655,0.007106084262409165,53033,1.7802332208949752,0.009568104597724102,34618,1.3788480595049437,2.0223463291707735,1.370050120353698,1000.0,0.63,20000.0,XPLUSDT,177849162.989242,237526,530334,2.232740836792604,
order,237525,211838,0.10814440585201558,0.21300005912780762,0.3637450584152249,1.8487556661018438,0.011995805783217286,23752,2.0125558614425514,0.020251509640328288,9876,1.4178540838341895,1.9159946093035576,1.0400002002716064,1622.0,0.47,20000.0,XPLUSDT,177849162.989242,237526,530334,2.232740836792604,
W0.1,148525,148525,0.0,0.3710000514984131,0.58171045278624,2.0077509688761896,0.01647469464858222,14852,2.0352018591995553,0.020661149254029957,9703,1.3100305197590594,,,,,,XPLUSDT,177849162.989242,237526,530334,2.232740836792604,
W1,54218,54218,0.0,1.3030002117156982,1.5935270205475967,2.4313013519633153,0.033018628881307605,5422,2.7355838056330937,0.020567717928406115,17690,1.2307562594057029,,,,,,XPLUSDT,177849162.989242,237526,530334,2.232740836792604,
W5,14947,14947,0.0,5.327000141143799,5.780289288834281,3.4882991753856736,0.09021798624148704,1495,5.776517625705523,0.08271603818581362,4877,1.1165617970471464,,,,,,XPLUSDT,177849162.989242,237526,530334,2.232740836792604,
W30,2784,2784,0.0,30.29550004005432,31.031475215550813,8.251928308341611,0.4949177709697011,278,16.641355060962518,0.5522627645286498,908,1.0396019302759985,,,,,,XPLUSDT,177849162.989242,237526,530334,2.232740836792604,
deseas,237525,211838,0.10814440585201558,0.37579535198544617,0.5269866541516292,3.040074483705042,0.01972577758202868,23752,1.5397868653215212,0.005531184756283524,77497,1.0382725461050346,3.217471492829211,1.5737615347306622,1621.0,0.0,20000.0,XPLUSDT,177849162.989242,237526,530334,2.232740836792604,9.331252584264165
fill,563349,166059,0.7052289078351075,0.22100019454956055,0.1533658478136626,1.258698714830429,0.005303134468886935,56335,0.23794176926599575,0.0006219621227648292,146357,1.3008809346161936,1.8971593194237382,1.3929999807785298,1621.0,0.51,20000.0,ALLOUSDT,103539171.85106,175615,563350,3.2078694872305897,
order,175614,166059,0.05440910178004032,0.22100019454956055,0.49197955174404673,1.85143410259936,0.013971197678548616,17561,1.3507855493626337,0.006238545410334141,46882,1.2946952866606096,1.933543454887937,1.3973914253300606,1621.0,0.41,20000.0,ALLOUSDT,103539171.85106,175615,563350,3.2078694872305897,
W0.1,111136,111136,0.0,0.4570000171661377,0.7774123326373004,1.9764602938061384,0.018747911629826332,11114,1.9773474559292503,0.019873089671154948,9900,1.326899613304059,,,,,,ALLOUSDT,103539171.85106,175615,563350,3.2078694872305897,
W1,47600,47600,0.0,1.3670001029968262,1.8150883403345317,2.0997518435804587,0.030434382524144512,4760,2.3496121310392173,0.01997374553373823,13838,1.1816910401252017,,,,,,ALLOUSDT,103539171.85106,175615,563350,3.2078694872305897,
W5,14067,14067,0.0,5.430000066757202,6.141613634747721,2.7292845099195344,0.07276151977896646,1407,4.170366565005696,0.06211985753295891,4507,1.1218836096599565,,,,,,ALLOUSDT,103539171.85106,175615,563350,3.2078694872305897,
W30,2731,2731,0.0,30.500999927520752,31.634595020137745,5.703811414277368,0.3452103709071244,273,4.476772407698414,0.42684350113073544,110,1.0485531380844042,,,,,,ALLOUSDT,103539171.85106,175615,563350,3.2078694872305897,
deseas,175614,166059,0.05440910178004032,0.38494865023593133,0.6890367553386854,2.3086752151429835,0.017421607261659137,17561,2.02299285964014,0.012060654879869947,28135,1.0216257251529748,2.7614765400517767,2.5927440514333013,1000.0,0.03,20000.0,ALLOUSDT,103539171.85106,175615,563350,3.2078694872305897,10.091096558660146
fill,139473,44403,0.6816373061452754,1.1590001583099365,0.6194680475801817,1.5990671287844043,0.013540237913675304,13947,0.1671110902641456,0.000821385566215944,41392,0.8482718887496106,3.608514208665025,6.6960498690605155,1000.0,0.0,20000.0,SOLUSDT,62565618.89423,48470,139474,2.8775324943263874,
order,48469,44403,0.08388867110936887,1.1590001583099365,1.7825634323000408,2.640306775575294,0.03792432680314846,4847,1.628188437589358,0.0140049181429758,13516,0.8388555171963632,3.576450000704813,6.775350081920618,1000.0,0.0,20000.0,SOLUSDT,62565618.89423,48470,139474,2.8775324943263874,
W0.1,37083,37083,0.0,1.562999963760376,2.3298834236752874,2.9289040917463445,0.04809891590888117,3708,1.7327194990245112,0.015751995445677375,12100,0.9108713914312682,,,,,,SOLUSDT,62565618.89423,48470,139474,2.8775324943263874,
W1,26121,26121,0.0,2.5399999618530273,3.307647754685911,3.434764266307202,0.06720635625060115,2612,2.1632632602617496,0.02343220349534928,8523,0.9386164429174333,,,,,,SOLUSDT,62565618.89423,48470,139474,2.8775324943263874,
W5,11717,11717,0.0,6.617000102996826,7.373698386965305,5.19022181516157,0.1516079980087497,1172,3.969138205644433,0.0641939459628029,3823,0.9723937242983146,,,,,,SOLUSDT,62565618.89423,48470,139474,2.8775324943263874,
W30,2668,2668,0.0,31.634000062942505,32.37938755625549,14.813193193219186,0.906552701128692,267,14.388663609148471,0.4967518337512212,839,0.9968506014013447,,,,,,SOLUSDT,62565618.89423,48470,139474,2.8775324943263874,
deseas,48469,44403,0.08388867110936887,1.2091829681337274,1.842596811106647,2.6545091585693803,0.03812832423974703,4847,1.4817046917615544,0.011782590626042118,15814,0.9656851470089165,3.5391990799410262,6.852788910944458,1000.0,0.0,20000.0,SOLUSDT,62565618.89423,48470,139474,2.8775324943263874,2.4014568158205174
fill,90921,27036,0.7026429537730557,1.7569999694824219,0.9502091266042679,1.424481813527712,0.014939194976043657,9092,0.17219930650122395,0.001084689105998545,25203,1.4977767681835394,3.0293929156886246,9.330782718905082,1621.0,0.0,20000.0,XRPUSDT,35249119.70249,29506,90922,3.081474954246594,
order,29505,27036,0.0836807320793086,1.7569999694824219,2.9281126588709254,2.6806801311522492,0.04935532174886218,2950,1.361612085015805,0.013878114576824481,9626,1.2969333921888988,3.103043346110878,9.428956893805786,1621.0,0.0,20000.0,XRPUSDT,35249119.70249,29506,90922,3.081474954246594,
W0.1,22906,22906,0.0,2.3889999389648438,3.7716739718845127,2.96607801757994,0.06196836327758626,2291,1.633300459620861,0.01889250463867367,7474,1.1682293606882859,,,,,,XRPUSDT,35249119.70249,29506,90922,3.081474954246594,
W1,17519,17519,0.0,3.550999879837036,4.931424624694388,3.147916049073898,0.07520662349091796,1752,1.9306685743857748,0.025536514369649092,5716,1.1163719681575488,,,,,,XRPUSDT,35249119.70249,29506,90922,3.081474954246594,
W5,9491,9491,0.0,7.744999885559082,9.10268970603951,4.025340144711387,0.13066807053826474,949,3.2582896559670957,0.0633185118541353,2648,1.0542435033578768,,,,,,XRPUSDT,35249119.70249,29506,90922,3.081474954246594,
W30,2535,2535,0.0,32.66199994087219,34.07185167654967,9.838755489706557,0.6173384247351305,254,8.864470192942134,0.32944544019981886,724,1.0162130071598667,,,,,,XRPUSDT,35249119.70249,29506,90922,3.081474954246594,
deseas,29505,27036,0.0836807320793086,1.8178255253795117,3.0301010878483736,2.649281732025721,0.04877723036329173,2950,1.3676110950091078,0.013939258972464596,9626,0.996729844364659,2.9399898126801456,9.685347750017826,1621.0,0.0,20000.0,XRPUSDT,35249119.70249,29506,90922,3.081474954246594,2.3168610254725936
fill,447551,89305,0.8004584952329455,0.12400007247924805,0.1930503316939478,0.5393894367569978,0.0025496563937473116,44755,0.22903361577678635,0.000867962639410337,69630,0.570382523994896,1.5353414148039246,3.7109999656677246,1001.0,0.335,20000.0,HEMIUSDT,23990471.02393,118194,447552,3.7865881516828264,
order,118193,89305,0.24441379777144162,0.12400007247924805,0.7310066501396701,1.243674967393474,0.011439749815328536,11819,0.6421043570676921,0.003269792630554762,38563,0.469365656662263,1.4844274083829698,3.6470500707626337,1000.0,0.7,20000.0,HEMIUSDT,23990471.02393,118194,447552,3.7865881516828264,
W0.1,49063,49063,0.0,0.6200001239776611,1.7609984917342607,1.491973963846497,0.021300876406142474,4906,1.5125271229252315,0.026683808085401235,3213,0.47967076429188543,,,,,,HEMIUSDT,23990471.02393,118194,447552,3.7865881516828264,
W1,24920,24920,0.0,1.7879998683929443,3.4670796147701637,1.5510826066684233,0.03107140621847979,2492,1.5787357369192927,0.02368755102625353,4442,0.49110941128827007,,,,,,HEMIUSDT,23990471.02393,118194,447552,3.7865881516828264,
W5,9644,9644,0.0,6.051000118255615,8.958899211952767,1.5742986454851737,0.05070474522115635,964,2.0320274729130876,0.03836746825842148,2805,0.5583100328319488,,,,,,HEMIUSDT,23990471.02393,118194,447552,3.7865881516828264,
W30,2275,2275,0.0,31.396000146865845,37.97785670332856,1.730247815451382,0.1145884608653231,228,1.637948756497149,0.13509573649749168,147,0.7109641657775077,,,,,,HEMIUSDT,23990471.02393,118194,447552,3.7865881516828264,
deseas,118193,89305,0.24441379777144162,2.129904975746158,7.8129114265698085,1.5991528718935875,0.014709557762722853,11819,0.7023279261532597,0.003576469544072318,38563,1.1991008855946066,2.015737696718573,35.515831105270415,1621.0,0.0,20000.0,HEMIUSDT,23990471.02393,118194,447552,3.7865881516828264,195.75110714800624
fill,392805,83485,0.787464518017846,0.07599997520446777,0.21994320082492416,0.457682098187387,0.0023092884646275214,39280,0.23374607825586302,0.0009263029260078243,63677,1.8299680653361592,1.9155368228413967,5.489199852943417,1000.0,0.0,20000.0,LINKUSDT,12732842.70187,120989,392806,3.2466257263056972,
order,120988,83485,0.30997288987337585,0.07599997520446777,0.7140773382487051,1.2007778066500576,0.010916612987667749,12099,0.5347670108606088,0.0028810937413874175,34452,3.786331904616157,1.9306020793547427,5.44319984912872,1000.0,0.0,20000.0,LINKUSDT,12732842.70187,120989,392806,3.2466257263056972,
W0.1,42030,42030,0.0,0.7890000343322754,2.055550535332723,1.9249535657632604,0.02969207595198581,4203,1.131087483085269,0.009747856896847368,13464,2.2561659258299254,,,,,,LINKUSDT,12732842.70187,120989,392806,3.2466257263056972,
W1,23398,23398,0.0,2.2679998874664307,3.692382254899287,2.3753892120707274,0.04910512841087695,2340,1.5676084624829414,0.017941614518298038,7634,1.6498030859194104,,,,,,LINKUSDT,12732842.70187,120989,392806,3.2466257263056972,
W5,10494,10494,0.0,6.634000062942505,8.232627882602126,3.1941396050910464,0.09862026147846703,1049,2.587801562664764,0.044630537398180466,3362,1.2531321263445372,,,,,,LINKUSDT,12732842.70187,120989,392806,3.2466257263056972,
W30,2569,2569,0.0,31.914000034332275,33.62956792531472,7.959441503483353,0.4964963197397049,257,7.791823193054048,0.2714410230061942,824,1.063445493991229,,,,,,LINKUSDT,12732842.70187,120989,392806,3.2466257263056972,
deseas,120988,83485,0.30997288987337585,0.16459254963696465,1.153648854954089,1.4363845236657367,0.013058580746158047,12099,0.5232912354664752,0.0027087006165237835,37322,1.0867488540407972,1.8522814237788034,5.988123076671083,1621.0,0.0,20000.0,LINKUSDT,12732842.70187,120989,392806,3.2466257263056972,25.161552026378672
fill,186704,67084,0.6406932899134459,0.051999807357788086,0.46276313308726974,0.7083706008235418,0.005184279046242013,18670,0.2308866363144113,0.0010458607288160297,48736,2.005215561086626,1.634486808256711,4.794522327801252,1621.0,0.0,20000.0,BICOUSDT,8441673.6709602,94198,186705,1.9820484511348437,
order,94197,67084,0.2878329458475323,0.051999807357788086,0.9172237757033198,1.2245752411287603,0.01261711388387028,9420,0.38153542810797686,0.002176368308924619,30733,2.0226991194724318,1.6453153327608743,4.715000152587891,1622.0,0.0,20000.0,BICOUSDT,8441673.6709602,94198,186705,1.9820484511348437,
W0.1,31350,31350,0.0,1.113999843597412,2.755972185005602,1.9520055541679202,0.034862800964198914,3135,1.1803259537113608,0.01177796407779573,10043,1.4546927494894732,,,,,,BICOUSDT,8441673.6709602,94198,186705,1.9820484511348437,
W1,19068,19068,0.0,2.7850000858306885,4.531112701907357,2.475771898307877,0.056693762829898575,1907,1.6506446735028855,0.02216878972258002,5544,1.1623665152722844,,,,,,BICOUSDT,8441673.6709602,94198,186705,1.9820484511348437,
W5,9388,9388,0.0,7.258000016212463,9.203159032804589,3.135214480567794,0.1023138577823904,939,2.4204659647669056,0.04373463252922713,3063,1.0406564857856657,,,,,,BICOUSDT,8441673.6709602,94198,186705,1.9820484511348437,
W30,2492,2492,0.0,32.699000000953674,34.67064887639225,6.921536895803152,0.43863457817703744,249,6.986777108618006,0.3015016865207827,537,1.0119190696726383,,,,,,BICOUSDT,8441673.6709602,94198,186705,1.9820484511348437,
deseas,94197,67084,0.2878329458475323,0.07752937539738121,1.1013698518898543,1.375519468412937,0.014172331106784071,9420,0.4076384249809446,0.0023252659760272607,30733,1.3490556710260049,1.7276293643377922,5.840529181609794,1621.0,0.0,20000.0,BICOUSDT,8441673.6709602,94198,186705,1.9820484511348437,7.566608827422254
fill,33178,14391,0.566248719030683,1.6740000247955322,2.6038368798644598,1.1004874273434373,0.019104993506829957,3318,0.689476447179995,0.007768532953840953,7877,1.3110582954722678,1.7106951397486636,18.967827751718715,1167.0,0.0,14391.0,SPCXBUSDT,4934826.53162,18140,33179,1.8290518191841234,
order,18139,14391,0.20662660565632063,1.6740000247955322,4.7626715916061,1.4302211284232387,0.03358029817739269,1814,0.8931630974908215,0.012557362500888897,5059,1.1025877476603738,1.7106951397486636,18.967827751718715,1167.0,0.0,14391.0,SPCXBUSDT,4934826.53162,18140,33179,1.8290518191841234,
W0.1,12777,12777,0.0,2.193000078201294,6.761375909849186,1.6090387000091648,0.045009176060854326,1278,1.1037951911110184,0.019326202212114375,3262,0.9487981829727241,,,,,,SPCXBUSDT,4934826.53162,18140,33179,1.8290518191841234,
W1,9703,9703,0.0,3.761000156402588,8.90344223437525,1.7915160153761018,0.05752211258674646,970,1.136540774960406,0.02057276932888796,3052,1.0752801354945136,,,,,,SPCXBUSDT,4934826.53162,18140,33179,1.8290518191841234,
W5,5585,5585,0.0,9.047999858856201,15.468236347384611,2.077969115083731,0.08796744717270244,558,1.5495169949786072,0.0380543300720183,1658,1.2020746750176257,,,,,,SPCXBUSDT,4934826.53162,18140,33179,1.8290518191841234,
W30,1945,1945,0.0,36.41499996185303,44.41390642678523,3.217254715260423,0.23098542711726086,194,2.779740595006319,0.11236435377478764,612,1.116470121770272,,,,,,SPCXBUSDT,4934826.53162,18140,33179,1.8290518191841234,
deseas,18139,14391,0.20662660565632063,2.57827348397596,5.743218509836186,1.5353440738624309,0.03604848983180183,1814,0.9104081837676009,0.011942925282529496,5811,0.831167291565395,2.0823620398305973,31.414090283492968,720.0,0.025,14391.0,SPCXBUSDT,4934826.53162,18140,33179,1.8290518191841234,6.129236272794493
fill,19254,6228,0.6765347460267996,1.6304998397827148,4.486607614008824,1.1404573600606098,0.025993435636028794,1925,0.16133961994853083,0.0022429924792367697,5174,1.6705860650804196,1.324502761557802,18.83208624247847,1665.0,0.0,6228.0,TRUMPUSDT,3008633.93431,7033,19255,2.7378074790274423,
order,7032,6228,0.11433447098976109,1.6304998397827148,12.284576649619723,3.8080234474900596,0.14362232447029422,703,0.8962853243356954,0.018709188061404803,2295,1.744893104408105,1.324502761557802,18.83208624247847,1665.0,0.0,6228.0,TRUMPUSDT,3008633.93431,7033,19255,2.7378074790274423,
W0.1,3822,3822,0.0,15.0,22.602078231325454,9.596790798517008,0.4910145326607281,382,1.957510156456411,0.05754894210089115,1157,1.2844405250914894,,,,,,TRUMPUSDT,3008633.93431,7033,19255,2.7378074790274423,
W1,3277,3277,0.0,19.347000122070312,26.36104455298318,8.911011195938226,0.4920282826187508,328,2.110217310578162,0.06454139213157906,1069,1.1810799325140322,,,,,,TRUMPUSDT,3008633.93431,7033,19255,2.7378074790274423,
W5,2808,2808,0.0,24.47000002861023,30.763939814859647,8.127785457149875,0.4848630302883654,281,2.7907487160634066,0.09477879543881237,867,1.1448612055974947,,,,,,TRUMPUSDT,3008633.93431,7033,19255,2.7378074790274423,
W30,1612,1612,0.0,53.62350010871887,53.57639330019134,6.919271658855322,0.5453149997939163,161,5.399244398210558,0.2928151397946578,340,1.0354971339505892,,,,,,TRUMPUSDT,3008633.93431,7033,19255,2.7378074790274423,
deseas,7032,6228,0.11433447098976109,1.7981766806425297,13.284036272943167,2.9477057800749646,0.11117482910141492,703,0.9058993016986557,0.018909871600025753,2295,1.1330374148227917,3.30199981713197,53.659908229016295,505.0,0.0,6228.0,TRUMPUSDT,3008633.93431,7033,19255,2.7378074790274423,2.9730485762262466
fill,16289,5140,0.6844496285837068,2.001000165939331,5.30276493338548,0.912547192011955,0.022609699533225835,1629,0.14552728428789538,0.002121830893799353,4704,0.4364980759588729,1.3285765929180253,30.0,751.0,0.0,5140.0,SYRUPUSDT,1754858.54371,6169,16290,2.6406224671745826,
order,6168,5140,0.16666666666666666,2.001000165939331,14.004010700375499,1.3381632826169436,0.053872425251724844,617,1.3139103025362322,0.0619383256529492,450,0.4197274319494136,1.3285765929180253,30.0,751.0,0.0,5140.0,SYRUPUSDT,1754858.54371,6169,16290,2.6406224671745826,
W0.1,3817,3817,0.0,7.302999973297119,22.629483363876364,1.327674728276836,0.06792974859169057,382,1.3310594357229844,0.06518226100485845,417,0.42014131913316766,,,,,,SYRUPUSDT,1754858.54371,6169,16290,2.6406224671745826,
W1,3057,3057,0.0,12.473999977111816,28.25539352303437,1.3568075433020836,0.07756352466233021,306,1.330263347377625,0.06897094162504984,372,0.41779488986774055,,,,,,SYRUPUSDT,1754858.54371,6169,16290,2.6406224671745826,
W5,2319,2319,0.0,19.98900008201599,37.24740750319796,1.368531952492211,0.08984852446815177,232,1.3196531042794926,0.06152914324749415,460,0.431876329813555,,,,,,SYRUPUSDT,1754858.54371,6169,16290,2.6406224671745826,
W30,1220,1220,0.0,46.26699995994568,70.800604917964,2.0866867428832925,0.1889197410239719,122,1.4231625221896282,0.09363721936778857,231,0.5189896617392983,,,,,,SYRUPUSDT,1754858.54371,6169,16290,2.6406224671745826,
deseas,6168,5140,0.16666666666666666,8.755088198068218,36.56576342519261,1.9713288945644056,0.07936271298021162,617,2.352516771891101,0.15445029277984504,232,1.2165567859683584,2.329539418524349,182.2904748745364,257.0,0.36,5140.0,SYRUPUSDT,1754858.54371,6169,16290,2.6406224671745826,27.736630974473485
fill,2551,1417,0.44453155625245,30.0,33.850820462594356,1.1264986795500527,0.07054408370095888,255,1.4826795898197889,0.06501980121571513,520,1.395948696435113,1.2023567614744561,144.11379987618017,115.0,0.005,1417.0,RSRUSDT,235710.8389189,1945,2552,1.3120822622107968,
order,1944,1417,0.27109053497942387,30.0,44.4204953704106,0.8570858174250315,0.061535175525585455,194,1.466504915061324,0.06493792912480109,510,1.62930969990903,1.2023567614744561,144.11379987618017,115.0,0.0,1417.0,RSRUSDT,235710.8389189,1945,2552,1.3120822622107968,
W0.1,1196,1196,0.0,40.005499958992004,72.20187541812558,1.1338581002775132,0.10350660975532477,120,0.8791081279476094,0.06589193999505615,178,2.342029216240973,,,,,,RSRUSDT,235710.8389189,1945,2552,1.3120822622107968,
W1,1172,1172,0.0,42.237500071525574,73.68041211610768,1.2067964742815518,0.11156837351464857,117,0.8613857852888156,0.06385016247269205,182,2.3654742995806752,,,,,,RSRUSDT,235710.8389189,1945,2552,1.3120822622107968,
W5,1131,1131,0.0,43.99499988555908,76.3514084881328,1.1885948830076452,0.11181360104992522,113,0.8631642436782864,0.0639819905792826,182,2.3934791475196895,,,,,,RSRUSDT,235710.8389189,1945,2552,1.3120822622107968,
W30,791,791,0.0,60.0,109.16996586609127,1.4906109743788276,0.16770683722611704,79,0.96554996497985,0.07137550722825481,183,2.41947485918986,,,,,,RSRUSDT,235710.8389189,1945,2552,1.3120822622107968,
deseas,1944,1417,0.27109053497942387,68.12887112435695,75.68240375095515,1.913634301702475,0.13739093595180502,194,2.211058540093733,0.10253538458441575,465,0.7419324275907034,1.7967149141333425,145.0191651454338,251.0,0.0,1417.0,RSRUSDT,235710.8389189,1945,2552,1.3120822622107968,13.595364385215902
fill,2782,1986,0.2861250898634076,12.015499949455261,30.95527821706406,1.86140694225247,0.11163976955493711,278,0.7143295026306622,0.0237058571529792,908,0.47687233977149956,2.406512799021684,149.20397409693945,161.0,0.105,1986.0,AMPUSDT,142844.081917,2136,2783,1.3029026217228465,
order,2135,1986,0.06978922716627635,12.015499949455261,40.33610491797293,2.0195847515279324,0.1380559714578096,214,1.3480026182081324,0.06455761701333407,436,0.5163718208072631,2.406512799021684,149.20397409693945,161.0,0.085,1986.0,AMPUSDT,142844.081917,2136,2783,1.3029026217228465,
W0.1,1771,1771,0.0,17.14199995994568,48.626529644196616,2.2268385791588354,0.16737943730282018,177,1.3715587519488075,0.06660878125801252,424,0.564800809644453,,,,,,AMPUSDT,142844.081917,2136,2783,1.3029026217228465,
W1,1611,1611,0.0,22.36899995803833,53.45598013648182,2.4056580845108244,0.18959241702562027,161,1.3738084632613177,0.0667968532711159,423,0.6116550964464039,,,,,,AMPUSDT,142844.081917,2136,2783,1.3029026217228465,
W5,1274,1274,0.0,37.56750011444092,67.59621978011947,2.602753203440948,0.2309569997476968,127,1.3794272806160195,0.06771342203813772,415,0.7167639566709441,,,,,,AMPUSDT,142844.081917,2136,2783,1.3029026217228465,
W30,835,835,0.0,70.86800003051758,103.13483113757151,2.781239732066685,0.30345813328605437,84,1.9150296790972563,0.11697905591057264,268,0.9134829563413425,,,,,,AMPUSDT,142844.081917,2136,2783,1.3029026217228465,
deseas,2135,1986,0.06978922716627635,20.629640573906933,50.86516826582689,2.063487982927283,0.14105713457135993,214,1.0635734794843503,0.04028571819843744,697,0.7828249068502663,1.7983439664243954,104.63878130107324,346.0,0.0,1986.0,AMPUSDT,142844.081917,2136,2783,1.3029026217228465,13.487510937263766
fill,4149,1870,0.5492889852976621,0.23849999904632568,20.749937575304184,0.5289499125858979,0.025965130000886988,415,0.2729293498743682,0.00983569103883847,770,1.6057543887594676,0.28793094759838667,0.0989999771118164,1198.0,0.0,1870.0,AUSDT,85769.52441,2450,4150,1.6938775510204083,
order,2449,1870,0.23642302980808494,0.23849999904632568,35.153732543869765,0.8203612204507662,0.05241095585807439,245,0.2692132922640198,0.009695479894838753,771,1.612041868561291,0.28793094759838667,0.0989999771118164,1198.0,0.0,1870.0,AUSDT,85769.52441,2450,4150,1.6938775510204083,
W0.1,1219,1219,0.0,1.0199999809265137,70.62468498764319,1.0941539275906427,0.09906004211977062,122,0.7701383152903915,0.0515722761009695,223,1.5972829595231886,,,,,,AUSDT,85769.52441,2450,4150,1.6938775510204083,
W1,740,740,0.0,25.007500052452087,116.33985270261765,1.305000876443934,0.151703270445222,74,1.2333228537840883,0.1278896223381175,93,1.5944702306580474,,,,,,AUSDT,85769.52441,2450,4150,1.6938775510204083,
W5,539,539,0.0,60.0,159.72447309821345,1.8999013532119138,0.25854382649958124,54,1.2389768100959553,0.12988006030736818,91,1.5956855547000883,,,,,,AUSDT,85769.52441,2450,4150,1.6938775510204083,
W30,383,383,0.0,91.98099994659424,224.7819608353448,2.0865943702926684,0.3384903040723252,38,1.2663931843112266,0.13900471073190931,83,1.5971989914832092,,,,,,AUSDT,85769.52441,2450,4150,1.6938775510204083,
deseas,2449,1870,0.23642302980808494,1.252720388111139,63.98738280093211,1.208725762538663,0.0772226563197634,245,0.3191732980480136,0.01149474555349612,771,1.886035245936938,1.1274465635869158,150.88084099783669,268.0,0.0,1870.0,AUSDT,85769.52441,2450,4150,1.6938775510204083,22.944152507093634
fill,2150,962,0.5525581395348838,12.440000057220459,40.01189534885939,1.4467527567668192,0.09866771907282736,215,0.12324598355910975,0.004651619891151413,702,0.8318296637408614,2.8661443436853604,336.96968434925714,78.0,0.84,962.0,LQTYUSDT,51616.77673,1213,2151,1.7732893652102226,
order,1212,962,0.20627062706270627,12.440000057220459,70.97819719475882,1.9849017910469926,0.18044561736790843,121,0.8719492296761999,0.04728808639707066,340,0.7982463071524614,2.8661443436853604,336.96968434925714,78.0,0.81,962.0,LQTYUSDT,51616.77673,1213,2151,1.7732893652102226,
W0.1,614,614,0.0,75.11099994182587,140.10679967434476,3.0010471273198216,0.3842447107136104,61,1.6088246423459942,0.1212697202758951,176,0.7882640316087535,,,,,,LQTYUSDT,51616.77673,1213,2151,1.7732893652102226,
W1,589,589,0.0,81.78699994087219,146.05262988127757,2.9276178696108976,0.3811433822126424,59,1.6127301899945576,0.12156411200660282,176,0.7839841929661975,,,,,,LQTYUSDT,51616.77673,1213,2151,1.7732893652102226,
W5,537,537,0.0,100.26900005340576,160.19552886419456,3.028186758764134,0.41208402249025466,54,1.6151767927298202,0.12209588905617207,175,0.7826221439088444,,,,,,LQTYUSDT,51616.77673,1213,2151,1.7732893652102226,
W30,434,434,0.0,143.1289999485016,198.21428341030526,3.184600706462108,0.48564705481567433,43,2.017485918058857,0.17559960976965747,132,0.8320030112818556,,,,,,LQTYUSDT,51616.77673,1213,2151,1.7732893652102226,
deseas,1212,962,0.20627062706270627,15.04511101227195,83.7245778218518,2.412650308725146,0.21933184624774055,121,0.7889641092897826,0.04074193141379595,375,1.0368194767267611,3.390033728500763,467.2936240999996,49.0,0.395,962.0,LQTYUSDT,51616.77673,1213,2151,1.7732893652102226,6.5131021702757
fill,4274,3252,0.23912026204960224,21.009000062942505,20.208704258327902,111488.32039107096,5395.297975336921,427,2.9339612891391718,0.08774724254578749,1118,0.9280284144258729,0.8684956760499819,12.0,1980.0,0.0,3252.0,XVSUSDT,30203.4005,3576,4275,1.195469798657718,
order,3575,3252,0.09034965034965035,21.009000062942505,24.160000559466702,93472.64332553491,4940.182705966598,358,2.928335284749639,0.0873060901014853,1125,0.9198084046306424,0.8684956760499819,12.0,1980.0,0.0,3252.0,XVSUSDT,30203.4005,3576,4275,1.195469798657718,
W0.1,2925,2925,0.0,26.013999938964844,29.528889572681525,76240.25656719606,4461.623545575978,292,4.02191595630922,0.1302143369317414,954,0.8416690818747316,,,,,,XVSUSDT,30203.4005,3576,4275,1.195469798657718,
W1,2457,2457,0.0,36.003000020980835,35.15343996747801,3951.5499269165794,251.94162139091472,246,9.800887516037715,0.3462973329726926,801,0.9324740273231885,,,,,,XVSUSDT,30203.4005,3576,4275,1.195469798657718,
W5,2240,2240,0.0,38.99799990653992,38.558929464327434,387.8584045740575,25.91487972315854,224,1166.1118498945348,44.328921105029345,692,0.9505872177076211,,,,,,XVSUSDT,30203.4005,3576,4275,1.195469798657718,
W30,1547,1547,0.0,60.0,55.83193406599448,7.962252849866903,0.6395435390622103,155,8.523762341642005,0.7006489484987433,148,0.9571243211816005,,,,,,XVSUSDT,30203.4005,3576,4275,1.195469798657718,
deseas,3575,3252,0.09034965034965035,28.344089422159627,27.822127943659044,5.148463462299314,0.2721047490886975,358,2.8292418992089994,0.08515017490556931,1104,1.0246837012238448,5.445753271249374,69.60555122767057,268.0,0.0,3252.0,XVSUSDT,30203.4005,3576,4275,1.195469798657718,4.26570582915193
fill,699,466,0.3333333333333333,73.87099993228912,123.38286266101788,1.623099950559931,0.19399754967184693,70,1.5060040253651674,0.13158018263093993,131,0.770121456369353,1.4068507168322968,188.85193105401663,154.0,0.065,466.0,PYPLBUSDT,18279.0223,628,700,1.1146496815286624,
order,627,466,0.2567783094098884,73.87099993228912,137.5512296651539,1.7051680580425028,0.21483098215006732,63,1.5060040253651674,0.13259626090627993,129,0.7251656209379612,1.4068507168322968,188.85193105401663,154.0,0.09,466.0,PYPLBUSDT,18279.0223,628,700,1.1146496815286624,
W0.1,423,423,0.0,95.12599992752075,203.88799290792318,2.1147877073994934,0.32631882771039405,42,1.5104580864692632,0.13048370490648362,134,0.8985162437093074,,,,,,PYPLBUSDT,18279.0223,628,700,1.1146496815286624,
W1,416,416,0.0,99.81200003623962,207.31880048089303,2.1147690084663155,0.326315942402364,42,1.5099679880139603,0.13093082960691818,133,0.958930643806547,,,,,,PYPLBUSDT,18279.0223,628,700,1.1146496815286624,
W5,387,387,0.0,113.23600006103516,222.85431782959043,2.1060744176644617,0.3372418082767342,39,1.5720256521270863,0.16757849758144522,88,0.8989115240980737,,,,,,PYPLBUSDT,18279.0223,628,700,1.1146496815286624,
W30,330,330,0.0,177.37150013446808,261.3473363637924,2.141399789867205,0.37276985588410694,33,1.569409601526703,0.16362226173894384,92,0.8788018783461597,,,,,,PYPLBUSDT,18279.0223,628,700,1.1146496815286624,
deseas,627,466,0.2567783094098884,94.67316895023971,157.33233219657717,1.7646366449313207,0.22232331985141246,63,1.6197993540763826,0.14664974296049493,122,0.8183412076389991,1.55323337411013,248.2344388823772,139.0,0.03,466.0,PYPLBUSDT,18279.0223,628,700,1.1146496815286624,4.953909943915001
fill,531,458,0.1374764595103578,60.0,161.59141619596105,1.8292796733777934,0.2512708875550474,53,0.6351041067895344,0.050367031898554585,159,0.46490610468390486,1.7283626446073745,425.1477309773713,66.0,0.005,458.0,SMHBUSDT,10982.42254,517,532,1.0290135396518376,
order,516,458,0.1124031007751938,60.0,166.28884108537852,1.8332436689213558,0.2542251557198338,52,0.6356919714647132,0.05025586300278143,160,0.45563763063883506,1.7283626446073745,425.1477309773713,66.0,0.02,458.0,SMHBUSDT,10982.42254,517,532,1.0290135396518376,
W0.1,437,437,0.0,60.0,196.35021052644237,1.9100730885361554,0.287954352583169,44,1.3196045742404061,0.14398066306825322,84,0.43294061607011475,,,,,,SMHBUSDT,10982.42254,517,532,1.0290135396518376,
W1,435,435,0.0,60.0,197.25297011506967,1.9100730885361554,0.287954352583169,44,1.3196045742404061,0.14398066306825322,84,0.43294972619818056,,,,,,SMHBUSDT,10982.42254,517,532,1.0290135396518376,
W5,396,396,0.0,60.00099992752075,216.67939899003866,2.0750642790036022,0.3280964706453248,40,1.3206099621621705,0.1449557752317436,83,0.41670310720427634,,,,,,SMHBUSDT,10982.42254,517,532,1.0290135396518376,
W30,355,355,0.0,63.896000146865845,241.70434366212766,2.0066454514025596,0.33444090856709324,36,1.3258817340366693,0.14553442737038244,83,0.4148356152178184,,,,,,SMHBUSDT,10982.42254,517,532,1.0290135396518376,
deseas,516,458,0.1124031007751938,187.66091740761448,236.1223791284641,2.312156917719376,0.3206384739906147,52,1.5928000199731536,0.14662912697752278,118,0.8006796411912578,1.5305910628719996,183.4408487245016,250.0,0.0,458.0,SMHBUSDT,10982.42254,517,532,1.0290135396518376,9.320730240975385
fill,253,201,0.20553359683794467,193.51900005340576,334.61554545470375,2.078360100120277,0.4156720200240554,25,1.006005905094501,0.1139077382552351,78,2.420037384939034,1.2674396825664422,416.89131035475896,66.0,0.04,201.0,GSBUSDT,4097.808548,250,254,1.016,
order,249,201,0.1927710843373494,193.51900005340576,339.99089558249017,2.078360100120277,0.4156720200240554,25,1.012793312814915,0.11467626084355516,78,2.264864789135806,1.2674396825664422,416.89131035475896,66.0,0.045,201.0,GSBUSDT,4097.808548,250,254,1.016,
W0.1,190,190,0.0,226.39849996566772,445.5670157896845,2.9773867516399477,0.6830593666439666,19,1.4549514365888,0.19442606393249434,56,2.6003916306774695,,,,,,GSBUSDT,4097.808548,250,254,1.016,
W1,188,188,0.0,234.2740000486374,450.30709042574495,2.9773867516399477,0.6830593666439666,19,1.4549514365888,0.19442606393249434,56,2.6411146702604595,,,,,,GSBUSDT,4097.808548,250,254,1.016,
W5,167,167,0.0,267.8129999637604,506.9325329343716,3.393941137938241,0.8231516352263745,17,1.461015046007132,0.19881896495813128,54,2.4673440265129893,,,,,,GSBUSDT,4097.808548,250,254,1.016,
W30,147,147,0.0,314.51799988746643,575.9029455785038,3.2113593070881574,0.8291694076693749,15,1.4993500209434745,0.21870267805728794,47,1.8780570673704828,,,,,,GSBUSDT,4097.808548,250,254,1.016,
fill,344840,154832,0.5510033638789004,0.21000003814697266,0.2505358166103365,1.3741842868336922,0.007400075659810941,34484,0.7742293118122503,0.0026733347444656943,83875,1.71733769208015,1.8818729888881456,1.623000144958496,1624.0,0.02,20000.0,PLUMEUSDT,79828877.57685,170521,344841,2.022278780912615,
order,170520,154832,0.09200093830635703,0.21000003814697266,0.5066547677686397,1.8156343868345481,0.013904031320056092,17052,1.9472344701376085,0.020394642204205754,9116,2.4019850445511826,1.9413311073180517,1.6100001335144043,1622.0,0.065,20000.0,PLUMEUSDT,79828877.57685,170521,344841,2.022278780912615,
W0.1,106211,106211,0.0,0.4249999523162842,0.8134258315985016,1.944684482112041,0.018869762944442457,10621,1.939521976937344,0.018731694105285853,10721,2.202194623717169,,,,,,PLUMEUSDT,79828877.57685,170521,344841,2.022278780912615,
W1,45195,45195,0.0,1.441999912261963,1.911592875314057,2.165033296271873,0.032202928101510105,4520,2.2118489681337117,0.0238704181379753,8586,1.3818872656023573,,,,,,PLUMEUSDT,79828877.57685,170521,344841,2.022278780912615,
W5,14028,14028,0.0,5.509500026702881,6.158714000557371,4.557715805359496,0.12167977721952691,1403,3.9510516306602312,0.07314254391256148,2918,1.1354693487777072,,,,,,PLUMEUSDT,79828877.57685,170521,344841,2.022278780912615,
W30,2748,2748,0.0,30.571500062942505,31.439024745203348,10.191895052500294,0.614594396214964,275,10.334295170175423,0.5786094471788475,319,1.026151940919238,,,,,,PLUMEUSDT,79828877.57685,170521,344841,2.022278780912615,
deseas,170520,154832,0.09200093830635703,0.4972147407444909,0.8141051352189043,2.453061096257979,0.01878541107157944,17052,1.3705002634201235,0.005810387236566401,55635,1.056939647269708,3.14002992167585,3.19056074997382,1000.0,0.065,20000.0,PLUMEUSDT,79828877.57685,170521,344841,2.022278780912615,13.421962482728501
