series,n,n_pos,zero_share,median_gap_s,mean_gap_s,hill_frac10,hill_frac10_se,hill_frac10_k,hill_plateau,hill_plateau_se,hill_plateau_k,rm_ratio,csn_alpha,csn_xmin,csn_n_tail,csn_p,symbol,n_ticks,tie_share,diurnal_range
print,2839,2271,0.20007044734061288,2.0,2.847129270870025,2.2109186313671527,0.13119388397327972,284,1.4508270847081643,0.049472792966070864,860,2.517649460607471,3.427414981994666,11.0,132.0,0.043333333333333335,SSI,2840,0.20007044734061288,
second,2271,2271,0.0,2.0,3.5592250110083663,2.4425925481370565,0.16212056149389412,227,1.737388984146706,0.0675765994714035,661,2.0121996078720907,3.427414981994666,11.0,132.0,0.06,SSI,2840,0.20007044734061288,
W2,1683,1683,0.0,3.0,4.802139037433155,3.1437127963149423,0.24254270789504553,168,1.8189928671980329,0.08208999893090019,491,1.6843768165930195,,,,,SSI,2840,0.20007044734061288,
W5,1005,1005,0.0,7.0,8.041791044776119,3.4427681574850486,0.3442768157485049,100,2.535849058788242,0.14131734308424024,322,1.3432438793912103,,,,,SSI,2840,0.20007044734061288,
W30,241,241,0.0,32.0,33.47302904564315,11.926100751129642,2.4344051217742346,24,7.608141772395921,0.9436738454561981,65,1.0704361529942925,,,,,SSI,2840,0.20007044734061288,
deseas,2271,2271,0.0,2.683473316615773,4.106309556273255,3.1067510898715414,0.20620231216863616,227,2.110998142496325,0.08849764582992731,569,1.0133330653221178,3.9958263665459626,11.678875288355224,115.0,0.03666666666666667,SSI,2840,0.20007044734061288,4.200759299875284
print,977,909,0.06960081883316274,6.0,8.264073694984647,3.2775919138102174,0.33108678117391416,98,1.8450276498151787,0.11249332121575323,269,0.6606193527521174,3.135634140153688,19.0,110.0,0.0033333333333333335,VPB,978,0.06960081883316274,
second,909,909,0.0,6.0,8.882288228822881,3.0434782056809166,0.31904320539089365,91,1.9746087200750133,0.12589645373316324,246,0.6934771851955792,3.135634140153688,19.0,110.0,0.006666666666666667,VPB,978,0.06960081883316274,
W2,807,807,0.0,7.0,10.004956629491945,3.125346761561146,0.3472607512845718,81,1.937917864023997,0.12159578136627974,254,0.6929594858835233,,,,,VPB,978,0.06960081883316274,
W5,614,614,0.0,10.0,13.149837133550488,3.7438928204674693,0.4793563555358247,61,2.593779514665702,0.20969464526529416,153,0.7624972713381358,,,,,VPB,978,0.06960081883316274,
W30,211,211,0.0,36.0,38.203791469194314,4.909239027470023,1.0712837832387034,21,4.953686785168953,1.0329150974317787,23,0.9174881318854796,,,,,VPB,978,0.06960081883316274,
deseas,909,909,0.0,6.9968618446066655,9.354586770368131,3.6755695353907134,0.3853043810267111,91,2.0503010688558883,0.12341362162844026,276,1.0196565673659874,3.4217001946804717,18.622201384520434,130.0,0.023333333333333334,VPB,978,0.06960081883316274,2.08580471941195
print,2008,1760,0.12350597609561753,3.0,4.027390438247012,2.8708415272892593,0.20249354850982815,201,1.4427318910932796,0.056372199709772364,655,1.3862496311596342,2.103357858886962,6.0,486.0,0.0,HPG,2009,0.12350597609561753,
second,1760,1760,0.0,3.0,4.5948863636363635,2.513771685586615,0.18948267022068288,176,1.7330513496401594,0.07363029636229886,554,1.3231829933927033,2.103357858886962,6.0,486.0,0.0,HPG,2009,0.12350597609561753,
W2,1400,1400,0.0,4.0,5.776428571428571,3.2795894887916397,0.2771759010215175,140,1.8971785139902164,0.08884352391204395,456,1.2476375764313508,,,,,HPG,2009,0.12350597609561753,
W5,903,903,0.0,7.0,8.955703211517164,3.9146960200136323,0.41264519234797253,90,2.715614629246743,0.17384941211444055,244,1.1585215117801548,,,,,HPG,2009,0.12350597609561753,
W30,236,236,0.0,33.0,34.266949152542374,8.818286543753509,1.8000252031539288,24,7.357420158065266,0.8793799063813182,70,1.052017254503933,,,,,HPG,2009,0.12350597609561753,
deseas,1760,1760,0.0,3.2518323553971467,4.850511617299647,3.0906785112877078,0.2329686583989894,176,1.9316464573589627,0.08881719873525903,473,1.0143420809513108,2.7921675919402125,9.285824806569357,254.0,0.0,HPG,2009,0.12350597609561753,2.6876380975628433
print,657,579,0.1187214611872146,8.0,12.269406392694064,3.24168643658068,0.39902401676619603,66,1.946459666046474,0.15584149639004416,156,0.8192582331502829,1.8166971277888642,16.0,197.0,0.0,STB,658,0.1187214611872146,
second,579,579,0.0,8.0,13.922279792746114,3.9298872427755924,0.5160194753897935,58,1.946459666046474,0.1538811479589392,160,0.8509397771569182,1.8166971277888642,16.0,197.0,0.0,STB,658,0.1187214611872146,
W2,538,538,0.0,9.5,14.983271375464684,3.6355509409365365,0.4947358188438765,54,1.9397429546215168,0.1528731607966197,161,0.8733441784801302,,,,,STB,658,0.1187214611872146,
W5,421,421,0.0,14.0,19.147268408551067,3.605210367561313,0.5562960370327753,42,2.333952531438418,0.23697697523999006,97,0.8889452998875491,,,,,STB,658,0.1187214611872146,
W30,187,187,0.0,39.0,43.106951871657756,4.578929582528492,1.050478490517399,19,3.54227501675293,0.5112833586164977,48,0.9745488272652959,,,,,STB,658,0.1187214611872146,
deseas,579,579,0.0,9.566847645323133,15.009476328131164,2.902492395775495,0.3811159228917503,58,2.2552836127979052,0.20939782658183517,116,1.0644598812622035,2.6409766958606005,30.06739530069289,83.0,0.18333333333333332,STB,658,0.1187214611872146,2.570760887138259
print,1322,1222,0.07564296520423601,5.0,6.105143721633888,3.196239622475713,0.27819695067664835,132,1.8971390608169518,0.09138197307182543,431,1.0147279081377933,3.678300299629951,16.0,100.0,0.016666666666666666,MBB,1323,0.07564296520423601,
second,1222,1222,0.0,5.0,6.604746317512275,2.9541002571366426,0.26745167066426173,122,2.3088020597386656,0.13008625894093973,315,1.0007436787307882,3.678300299629951,16.0,100.0,0.02666666666666667,MBB,1323,0.07564296520423601,
W2,1037,1037,0.0,6.0,7.783027965284474,3.035496233505869,0.29765489477084284,104,2.243369204694793,0.12660064836891544,314,1.0273244745013879,,,,,MBB,1323,0.07564296520423601,
W5,759,759,0.0,9.0,10.63372859025033,3.742631539705692,0.42930928064434587,76,2.907741009387235,0.19342005480383853,226,1.0194243247769255,,,,,MBB,1323,0.07564296520423601,
W30,230,230,0.0,33.0,35.09130434782609,9.929580279738147,2.0704606138622843,23,7.592930479823345,0.8826602394254386,74,1.02534504391468,,,,,MBB,1323,0.07564296520423601,
deseas,1222,1222,0.0,5.075909265085233,6.722293566067705,3.3186190085567233,0.3004536477705661,122,2.411990836529615,0.13902484057660922,301,0.9805578913777794,2.916728308379909,11.660838985583927,213.0,0.013333333333333334,MBB,1323,0.07564296520423601,1.5372259338841954
print,2447,2153,0.12014711892112791,1.0,3.3011851246424193,1.9845032865875152,0.1267852642966123,245,1.1243154190495612,0.04298927449387388,684,1.5415109767197888,2.399399187659847,11.0,195.0,0.0,SHB,2448,0.12014711892112791,
second,2153,2153,0.0,1.0,3.7519739897817,2.1531041268586515,0.14684048268081165,215,1.1341778350061356,0.043177412261424956,690,1.501548946716233,2.399399187659847,11.0,195.0,0.0,SHB,2448,0.12014711892112791,
W2,1454,1454,0.0,3.0,5.555708390646492,2.5805099683033386,0.21429968858511006,145,1.380123579186131,0.06393299023171811,466,1.4870689655172415,,,,,SHB,2448,0.12014711892112791,
W5,865,865,0.0,7.0,9.338728323699423,2.94761706315185,0.31784972226143865,86,2.554610602297234,0.19040943209260985,180,1.3686073152215172,,,,,SHB,2448,0.12014711892112791,
W30,230,230,0.0,34.0,35.12173913043478,6.938494358454848,1.4467760855915317,23,7.226486221283348,0.8400619596389343,74,1.0782094160020583,,,,,SHB,2448,0.12014711892112791,
deseas,2153,2153,0.0,2.2637522897342572,4.570491990644018,2.4169000851059685,0.16483121771079762,215,1.288380636129842,0.04996125812682806,665,0.881542535281506,1.843529680025304,7.650295301549366,375.0,0.0,SHB,2448,0.12014711892112791,7.215138144540005
print,2111,1855,0.12126954050213169,3.0,3.8256750355281857,2.638754277992487,0.18165933613717544,211,1.5509246231439426,0.05912844693077123,688,1.5386861183449398,3.5352631076633476,11.0,156.0,0.0,VIX,2112,0.12126954050213169,
second,1855,1855,0.0,3.0,4.353638814016173,3.1527972141861422,0.2311743078538787,186,1.7972370245302687,0.07726925487699882,541,1.4029390848631642,3.5352631076633476,11.0,156.0,0.0,VIX,2112,0.12126954050213169,
W2,1451,1451,0.0,4.0,5.565816678152998,3.1745609075508816,0.2636329338924872,145,2.0165023960208504,0.09527078317923308,448,1.2320201125617802,,,,,VIX,2112,0.12126954050213169,
W5,938,938,0.0,7.0,8.609808102345415,3.8073202928399477,0.3926951041347373,94,2.782837024082197,0.16040005947135477,301,1.0960290682584999,,,,,VIX,2112,0.12126954050213169,
W30,240,240,0.0,32.0,33.55,11.476930206390687,2.3427185682660343,24,8.335813434059254,0.9625368260137217,75,0.9881481481481482,,,,,VIX,2112,0.12126954050213169,
deseas,1855,1855,0.0,3.362315770791044,4.758604273704115,3.116562360873409,0.2285174395031116,186,1.9907655416631567,0.0816134302866175,595,0.9938097846602272,3.6110884100401246,11.343722172772898,151.0,0.04,VIX,2112,0.12126954050213169,3.2817533743817244
print,2070,1879,0.09227053140096618,3.0,3.9067632850241547,3.1235287634289395,0.2171002566322682,207,1.9186581038764887,0.07973670965290093,579,0.7265157984628523,2.9348355941197948,7.0,416.0,0.0,TCB,2071,0.09227053140096618,
second,1879,1879,0.0,3.0,4.303885045236828,4.14007384047383,0.30194591777068547,188,1.885520658213678,0.0790451379641117,569,0.765378928516904,2.9348355941197948,7.0,416.0,0.0,TCB,2071,0.09227053140096618,
W2,1499,1499,0.0,4.0,5.394929953302201,4.573518700077147,0.3734262381422009,150,2.1528567327897523,0.10005173728492946,463,0.8390733098677025,,,,,TCB,2071,0.09227053140096618,
W5,955,955,0.0,7.0,8.465968586387435,4.150115143867871,0.4235693531780618,96,3.1300554973714996,0.17720449776358943,312,0.8899983060091632,,,,,TCB,2071,0.09227053140096618,
W30,245,245,0.0,32.0,32.95102040816327,16.330600504620815,3.3334698691298734,24,9.770009969894515,1.113395968185589,77,0.9682899545378547,,,,,TCB,2071,0.09227053140096618,
deseas,1879,1879,0.0,3.2552061587090235,4.406375926415442,3.906560277301942,0.2849151908173302,188,2.3643647314857676,0.1206559824577644,384,1.0041437549728114,4.022781595097045,10.691777501993949,157.0,0.023333333333333334,TCB,2071,0.09227053140096618,1.5994113426114591
print,810,768,0.05185185185185185,7.0,9.97283950617284,3.278062030646827,0.3642291145163141,81,2.1282744204119184,0.14548584426401592,214,0.9101442421376211,2.3020111077924743,14.0,212.0,0.0,CTG,811,0.05185185185185185,
second,768,768,0.0,7.0,10.518229166666666,3.1161824241951317,0.35512194541466924,77,2.1174158774506333,0.1454247195202636,212,0.9325358851674641,2.3020111077924743,14.0,212.0,0.0,CTG,811,0.05185185185185185,
W2,709,709,0.0,8.0,11.393511988716503,3.2809361817067555,0.3893754882154153,71,2.1062820716488893,0.14466004659835222,212,0.9300835662106182,,,,,CTG,811,0.05185185185185185,
W5,564,564,0.0,11.0,14.322695035460994,3.153929150829611,0.4214615108772599,56,2.447819442517527,0.18998763471441613,166,0.9101442421376211,,,,,CTG,811,0.05185185185185185,
W30,209,209,0.0,36.0,38.61244019138756,5.686813076994526,1.2409643518281976,21,6.312664415279498,1.098893824246801,33,0.8993809026025521,,,,,CTG,811,0.05185185185185185,
deseas,768,768,0.0,7.978468316919566,11.115294607404584,3.4915180736458518,0.3978954123919259,77,2.0454933390245023,0.13041589196881948,246,1.0265103529840418,2.5955608221203827,16.52977395126196,182.0,0.0033333333333333335,CTG,811,0.05185185185185185,2.4562447866715176
print,896,843,0.05915178571428571,7.0,9.010044642857142,3.5991485943455377,0.37938357318417726,90,2.3086841017533675,0.16085364332617594,206,0.9184885931558935,2.3143147480565562,12.0,267.0,0.0,VND,897,0.05915178571428571,
second,843,843,0.0,7.0,9.576512455516013,3.359205354722502,0.3665193526884964,84,2.3466484133441186,0.16232106491185017,209,0.8825946010546917,2.3143147480565562,12.0,267.0,0.0,VND,897,0.05915178571428571,
W2,760,760,0.0,8.0,10.62236842105263,4.26441127697303,0.48916152131633356,76,2.603370142641878,0.2008543671004654,168,0.9608938547486033,,,,,VND,897,0.05915178571428571,
W5,605,605,0.0,11.0,13.343801652892562,3.6565139201783925,0.4720539172675503,60,2.8477984636573157,0.23982789469792898,141,0.9824038160242496,,,,,VND,897,0.05915178571428571,
W30,213,213,0.0,36.0,37.859154929577464,6.698590359421194,1.461752255788051,21,6.237861912688118,0.9403930662925074,44,1.027112315368602,,,,,VND,897,0.05915178571428571,
deseas,843,843,0.0,7.239982667622215,9.711961606013706,3.1157575784576683,0.33995702262891847,84,3.0110764586007797,0.2820131488713144,114,0.9594211316283497,2.808078330855582,16.740103739468193,147.0,0.006666666666666667,VND,897,0.05915178571428571,1.4283845690349288
print,955,885,0.07329842931937172,6.0,8.453403141361257,2.800147871654722,0.2857888954122662,96,1.7816243549879136,0.10763186348633247,274,1.211289207799545,2.1020639001876558,12.0,249.0,0.0,VCB,956,0.07329842931937172,
second,885,885,0.0,6.0,9.122033898305085,2.953495012179191,0.31484362617466294,88,1.7695863525893467,0.10500563129215988,284,1.1693061840120664,2.1020639001876558,12.0,249.0,0.0,VCB,956,0.07329842931937172,
W2,777,777,0.0,7.0,10.38996138996139,2.983222340434931,0.33778341438215626,78,2.2899813786236947,0.16881966701128284,184,1.1696735395189004,,,,,VCB,956,0.07329842931937172,
W5,596,596,0.0,11.0,13.545302013422818,3.8553543169234814,0.4977241021057838,60,2.368834619781266,0.17906706574232786,175,1.142515923566879,,,,,VCB,956,0.07329842931937172,
W30,210,210,0.0,36.5,38.38095238095238,5.446724049139359,1.1885726307008326,21,5.9654596728669045,1.148053249323188,27,1.0225846925972397,,,,,VCB,956,0.07329842931937172,
deseas,885,885,0.0,6.4170052938951505,9.302989329638486,3.289259925046634,0.3506362861498719,88,2.4156193448301093,0.18312762993470583,174,1.0256653631598123,3.1721735785701415,20.610696933304474,100.0,0.4766666666666667,VCB,956,0.07329842931937172,1.895373103019839
print,1293,1152,0.10904872389791183,4.0,6.241299303944316,2.2967714169703015,0.20221944756942892,129,1.6609952917237172,0.10463286835119373,252,1.4588758358426281,1.8133136372529328,10.0,250.0,0.0,VNM,1294,0.10904872389791183,
second,1152,1152,0.0,4.0,7.005208333333333,2.35802658346769,0.21988711270421005,115,1.6503331039362303,0.10416810184515737,251,1.3854566952409104,1.8133136372529328,10.0,250.0,0.0,VNM,1294,0.10904872389791183,
W2,956,956,0.0,6.0,8.44142259414226,2.5777472072109275,0.2630902226479646,96,1.7936233861413207,0.1274672635991684,198,1.314974182444062,,,,,VNM,1294,0.10904872389791183,
W5,670,670,0.0,9.0,12.038805970149253,4.078953165164425,0.4983234417435302,67,1.958058985323869,0.14844006859861178,174,1.1549559177130644,,,,,VNM,1294,0.10904872389791183,
W30,222,222,0.0,35.0,36.351351351351354,7.059339978918862,1.5050563405033013,22,6.443181758211185,1.0592525560742705,37,1.0139755428000998,,,,,VNM,1294,0.10904872389791183,
deseas,1152,1152,0.0,5.130003244151221,8.037376432415488,2.865355970381842,0.2671958219701158,115,1.661842354720733,0.08570297562958532,376,1.0711763711706845,1.6076348420930893,7.7195351891013315,415.0,0.0,VNM,1294,0.10904872389791183,3.9356399311712247
print,1458,1323,0.09259259259259259,4.0,5.537037037037037,2.3922048208328603,0.19798027964642478,146,1.910519973702061,0.11894377816434866,258,1.45529197080292,2.291681206111538,13.0,165.0,0.0,FPT,1459,0.09259259259259259,
second,1323,1323,0.0,4.0,6.1020408163265305,2.1628153174653257,0.1882489103647212,132,1.486706440909259,0.07152919698874259,432,1.314503558101208,2.291681206111538,13.0,165.0,0.0,FPT,1459,0.09259259259259259,
W2,1080,1080,0.0,5.0,7.475,2.8055366366044834,0.26996288872749263,108,2.016108683902175,0.14512267858940064,193,1.3013112884834666,,,,,FPT,1459,0.09259259259259259,
W5,744,744,0.0,8.0,10.850806451612904,3.2595432324061457,0.3789142041506106,74,2.24257503255427,0.17301842003223558,168,1.2400110987791344,,,,,FPT,1459,0.09259259259259259,
W30,224,224,0.0,34.0,35.99107142857143,9.423793935129291,2.0091596177572217,22,6.489033619933661,0.9673280188302132,45,1.0597853857945836,,,,,FPT,1459,0.09259259259259259,
deseas,1323,1323,0.0,4.137148780449371,6.5997921837106395,2.831691102718039,0.24646707477588073,132,1.7870059546266859,0.1013318111679145,311,0.9180760737690786,3.368082922115329,18.053399536681535,108.0,0.33,FPT,1459,0.09259259259259259,2.938832135805177
print,511,470,0.08023483365949119,12.0,15.821917808219178,3.162345974799196,0.4428170087317457,51,1.797783261369057,0.1453421623253338,153,1.5777278850471486,2.393989284899394,27.77413793103449,97.0,0.01,MWG,512,0.08023483365949119,
second,470,470,0.0,12.0,17.20212765957447,3.4302939555733145,0.5003597986649806,47,1.8227524733325136,0.14736080346874103,153,1.5234082397003743,2.393989284899394,27.77413793103449,97.0,0.016666666666666666,MWG,512,0.08023483365949119,
W2,438,438,0.0,13.5,18.458904109589042,3.474226948189919,0.5237594192585214,44,1.989055949114599,0.1737846251667196,131,1.3730554740240681,,,,,MWG,512,0.08023483365949119,
W5,372,372,0.0,17.0,21.733870967741936,3.3557028686009227,0.5516741532956742,37,2.327436674091748,0.23510660786179136,98,1.3014517506404784,,,,,MWG,512,0.08023483365949119,
W30,175,175,0.0,41.0,46.114285714285714,10.32203867733611,2.432927848138062,18,4.98039163715583,0.7424329503501269,45,1.1236767177488942,,,,,MWG,512,0.08023483365949119,
deseas,470,470,0.0,12.356592968132064,18.57588129785325,4.563158402834685,0.6656050616330275,47,2.0587359816204533,0.17038220214666636,146,0.9524144175365108,5.432689547632154,47.95248183704608,39.0,0.3233333333333333,MWG,512,0.08023483365949119,2.5023564763437056
print,1235,1110,0.10121457489878542,4.0,6.5489878542510125,2.375900250486767,0.21336214103708298,124,1.7491408628375646,0.10664700063139788,269,0.8867495551450171,2.0057064762628505,11.0,232.0,0.0,GEX,1236,0.10121457489878542,
second,1110,1110,0.0,4.0,7.286486486486487,2.4580205991025186,0.23330499053625034,111,1.7563987087414548,0.10748985535390042,267,0.9044031080762891,2.0057064762628505,11.0,232.0,0.0,GEX,1236,0.10121457489878542,
W2,941,941,0.0,6.0,8.595111583421891,2.3613009569569714,0.24354959758166408,94,1.7811563774523516,0.10249403214639591,302,0.9108316301678727,,,,,GEX,1236,0.10121457489878542,
W5,673,673,0.0,9.0,12.014858841010401,3.1988769280810967,0.3908050168678721,67,2.415420507296387,0.19787895810534942,149,0.891456296370452,,,,,GEX,1236,0.10121457489878542,
W30,219,219,0.0,34.0,36.81278538812786,6.611157517674498,1.4095035187079823,22,5.384807432181591,0.7070598555562871,58,0.9631804281345565,,,,,GEX,1236,0.10121457489878542,
deseas,1110,1110,0.0,5.03590253810708,7.841671132021089,2.6495049767220693,0.2514798833441791,111,2.118960331510112,0.13116035178117608,261,1.0189383349251169,1.9948572633012276,9.710719402936126,332.0,0.0,GEX,1236,0.10121457489878542,2.4378234106958647
print,534,510,0.0449438202247191,8.5,15.071161048689138,2.062159086873161,0.283259335124811,53,1.384083059498869,0.12233681463713424,128,1.1798483206933912,1.114259057756755,8.0,274.0,0.0,DIG,535,0.0449438202247191,
second,510,510,0.0,8.5,15.780392156862746,1.9843417628402116,0.277863425041018,51,1.384083059498869,0.12233681463713424,128,1.17454741961632,1.114259057756755,8.0,274.0,0.0,DIG,535,0.0449438202247191,
W2,467,467,0.0,10.0,17.23340471092077,2.022430643118511,0.295001828563563,47,1.3972723260209123,0.12650309246086847,122,1.184912047391646,,,,,DIG,535,0.0449438202247191,
W5,377,377,0.0,13.0,21.336870026525197,2.4399983383903368,0.3958199980103797,38,1.3843921364003986,0.12482643518646135,123,1.2643376666806003,,,,,DIG,535,0.0449438202247191,
W30,161,161,0.0,41.0,49.962732919254655,3.630973399944474,0.9077433499861185,16,3.3049052565429284,0.5586309478083791,35,1.1513018065887355,,,,,DIG,535,0.0449438202247191,
deseas,510,510,0.0,11.662367438442118,19.08424886836021,2.4573215029878654,0.3440938360687683,51,1.3524229546331736,0.10496837872158496,166,0.997450356880981,1.3129178455937014,12.771707185962926,247.0,0.0,DIG,535,0.0449438202247191,5.222753817393751
print,1119,986,0.11885612153708669,4.0,7.223413762287757,1.826432746963598,0.17258167267322289,112,1.4037384331601201,0.0909908479267671,238,0.26522090965912765,1.7817646949132593,15.0,151.0,0.023333333333333334,DXG,1120,0.11885612153708669,
second,986,986,0.0,4.0,8.197768762677486,1.97853388733947,0.1988501375547977,99,1.3844979429014557,0.0907014759640275,233,0.2852599777389092,1.7817646949132593,15.0,151.0,0.05,DXG,1120,0.11885612153708669,
W2,822,822,0.0,5.0,9.833333333333334,2.162150334157062,0.23876956100420374,82,1.3760064052146705,0.09540887787246874,208,0.3344890209674757,,,,,DXG,1120,0.11885612153708669,
W5,584,584,0.0,9.0,13.840753424657533,1.902371289789584,0.2497935880370198,58,1.6779454802177272,0.13306973238352612,159,0.4243171806167401,,,,,DXG,1120,0.11885612153708669,
W30,197,197,0.0,35.0,40.888324873096444,4.0550636781640605,0.9067398037465169,20,3.1794567837303944,0.4589150574908813,48,0.7727043052102524,,,,,DXG,1120,0.11885612153708669,
deseas,986,986,0.0,7.8665158397941095,12.152041664249401,2.9860688102655026,0.30011120732829155,99,2.0612753820429717,0.12498317828894955,272,1.0125575666040072,2.896524793684367,24.751806600504075,113.0,0.6333333333333333,DXG,1120,0.11885612153708669,7.072658102468192
print,371,352,0.05121293800539083,14.0,21.797843665768195,3.0515251163420722,0.5016676388634993,37,1.3998910776553946,0.13169067502144324,113,1.103729098748554,3.739835888883823,66.0,31.0,0.51,POW,372,0.05121293800539083,
second,352,352,0.0,14.0,22.974431818181817,3.2134747094501814,0.5431763646308608,35,1.4026262563860696,0.13194797899251376,113,1.0624840601887275,3.739835888883823,66.0,31.0,0.6166666666666667,POW,372,0.05121293800539083,
W2,335,335,0.0,15.0,24.140298507462685,3.477729675036273,0.5964257187768378,34,2.191010051102547,0.29278603365013556,56,1.0688462401898575,,,,,POW,372,0.05121293800539083,
W5,287,287,0.0,18.0,28.177700348432055,3.447231458976506,0.6401348115492143,29,2.2670777740200356,0.30295101069832464,56,1.0391256984221808,,,,,POW,372,0.05121293800539083,
W30,143,143,0.0,48.0,56.55244755244755,3.979389248089191,1.0635365124972658,14,3.525178513256275,0.5958639238312174,35,1.0774486244167376,,,,,POW,372,0.05121293800539083,
deseas,352,352,0.0,15.92955068575466,25.309981469797073,3.3807273616642255,0.5714472227575265,35,2.0305815838576575,0.23140624784474328,77,1.035700201863991,1.8081311730266063,30.453274796654664,106.0,0.006666666666666667,POW,372,0.05121293800539083,3.2133727418567344
print,224,223,0.004464285714285714,21.0,35.816964285714285,2.161441178897523,0.460820807701467,22,1.706167460368227,0.21845235826858075,61,1.9121597096188747,1.6662570664714043,39.78275862068966,67.0,0.15333333333333332,HSG,225,0.004464285714285714,
second,223,223,0.0,21.0,35.97757847533632,2.161441178897523,0.460820807701467,22,1.706167460368227,0.21845235826858075,61,1.9113659113659114,1.6662570664714043,39.78275862068966,67.0,0.13333333333333333,HSG,225,0.004464285714285714,
W2,210,210,0.0,23.5,38.2047619047619,2.118020578499391,0.4621899821165532,21,1.7157596237831554,0.21968050894403465,61,1.8269908386187454,,,,,HSG,225,0.004464285714285714,
W5,191,191,0.0,26.0,42.00523560209424,1.9639914853170666,0.4505705479195494,19,1.708235964723931,0.2187172031124127,61,1.8045614035087718,,,,,HSG,225,0.004464285714285714,
W30,116,116,0.0,49.5,69.16379310344827,1.6235615275056874,0.46868184247566436,12,2.200515679510151,0.36675261325169184,36,1.5381208478329642,,,,,HSG,225,0.004464285714285714,
print,397,375,0.055415617128463476,11.0,20.259445843828715,3.9123216165428523,0.6185923623693651,40,2.2825053909027906,0.2635610203728996,75,0.8401038460385641,3.843417065288021,54.08620689655169,42.0,0.056666666666666664,NLG,398,0.055415617128463476,
second,375,375,0.0,11.0,21.448,3.7167055357157097,0.6029292539283746,38,2.2441673660741053,0.2557466067097124,77,0.8133682622846709,3.843417065288021,54.08620689655169,42.0,0.06333333333333334,NLG,398,0.055415617128463476,
W2,353,353,0.0,13.0,22.78470254957507,3.656938755712594,0.6181354697344212,35,2.301926024799224,0.2694200627031297,73,0.8280744419941881,,,,,NLG,398,0.055415617128463476,
W5,307,307,0.0,17.0,26.19869706840391,3.6093801758601987,0.6482638166148249,31,2.310127928647167,0.27416174537998167,71,0.8287777288804133,,,,,NLG,398,0.055415617128463476,
W30,150,150,0.0,45.0,53.62,4.516738659080985,1.1662169070527915,15,3.7612761344525416,0.5874126434192879,41,0.9118136439267887,,,,,NLG,398,0.055415617128463476,
deseas,375,375,0.0,14.644093328873012,24.596359772028077,3.5613981000013943,0.5777350609946238,38,1.5661262791513095,0.1423751162864827,121,1.0298480059220634,3.4809098792676867,59.2187818832424,42.0,0.3433333333333333,NLG,398,0.055415617128463476,3.4908501481888345
print,327,306,0.06422018348623854,17.5,24.73394495412844,2.374877708575646,0.41341314469028734,33,1.7384434731072915,0.1863807038625278,87,1.6558276188010619,1.9653959259187186,37.9137931034482,73.0,0.08333333333333333,PVD,328,0.06422018348623854,
second,306,306,0.0,17.5,26.431372549019606,2.624074194024174,0.4712976381583777,31,1.7384434731072915,0.18746118076257634,86,1.5306633291614518,1.9653959259187186,37.9137931034482,73.0,0.08666666666666667,PVD,328,0.06422018348623854,
W2,287,287,0.0,20.0,28.181184668989548,2.5533713088647643,0.474149148691224,29,1.739817496238383,0.18870970298995027,85,1.4461875473923664,,,,,PVD,328,0.06422018348623854,
W5,250,250,0.0,24.0,32.352,3.047090841164077,0.6094181682328154,25,1.9703503407646354,0.25023474351197733,62,1.3477503628447025,,,,,PVD,328,0.06422018348623854,
W30,136,136,0.0,50.0,59.36764705882353,6.473051905875711,1.7299958913279283,14,2.7145722849215015,0.4239449656547399,41,1.1599785981808455,,,,,PVD,328,0.06422018348623854,
deseas,306,306,0.0,20.405552134977174,30.6463957859449,2.9842316267695606,0.5359838226438007,31,2.033514388511488,0.23025016407141488,78,0.8477381763682623,3.1270579217324492,69.6146021654595,35.0,0.9966666666666667,PVD,328,0.06422018348623854,3.780723421144996
print,397,378,0.04785894206549118,10.0,20.370277078085643,2.3618573799263327,0.3734424414522431,40,1.3164244538552077,0.13034544384991442,102,0.747773181458754,2.346062927396056,47.0,55.0,0.19333333333333333,KDH,398,0.04785894206549118,
second,378,378,0.0,10.0,21.394179894179896,2.4517495118916037,0.39772629007570937,38,1.3164244538552077,0.13034544384991442,102,0.7440155272805693,2.346062927396056,47.0,55.0,0.2,KDH,398,0.04785894206549118,
W2,356,356,0.0,11.5,22.71629213483146,2.421417208859648,0.40356953480994134,36,1.3267906653715706,0.1307325688585692,103,0.7421370099095218,,,,,KDH,398,0.04785894206549118,
W5,304,304,0.0,16.0,26.601973684210527,2.4854970913002563,0.4537876078395426,30,1.3583200548203314,0.1372110459693056,98,0.8535411414164567,,,,,KDH,398,0.04785894206549118,
W30,144,144,0.0,44.5,56.05555555555556,3.4563268231966093,0.9237421992227502,14,2.7576283035986378,0.43601931897589985,40,1.035813366960908,,,,,KDH,398,0.04785894206549118,
deseas,378,378,0.0,11.826561207290561,22.929049490111332,2.112926827822777,0.3427619927547249,38,1.2474196953496761,0.11387331763653996,120,0.953053162593039,2.0761331421430755,42.068348257208406,66.0,0.5666666666666667,KDH,398,0.04785894206549118,2.436002797691904
print,150,147,0.02,44.0,53.76,6.065853359789527,1.566196602866743,15,2.6519300179506264,0.41930695260475975,40,1.2760372565622353,,,,,REE,151,0.02,
second,147,147,0.0,44.0,54.857142857142854,6.065853359789527,1.566196602866743,15,2.6519300179506264,0.41930695260475975,40,1.2652157142802585,,,,,REE,151,0.02,
W2,143,143,0.0,44.0,56.39160839160839,9.410305746999843,2.5150100007188025,14,2.650763655223605,0.4191225344649941,40,1.2092916389035682,,,,,REE,151,0.02,
W5,137,137,0.0,47.0,58.86131386861314,9.139243675106416,2.4425656147492103,14,2.6434021309082207,0.4179585752706278,40,1.2070123460733737,,,,,REE,151,0.02,
W30,108,108,0.0,62.5,74.66666666666667,24.23671162060044,7.307643508870747,11,4.840734853183289,0.9315998568536584,27,1.1924959216965743,,,,,REE,151,0.02,
print,434,418,0.03686635944700461,13.5,18.589861751152075,26.08925806859394,3.9785745564989465,43,2.366730416905201,0.22669166033442156,109,0.6478758169934641,1.0497467659821949,9.0,271.0,0.0,TCH,435,0.03686635944700461,
second,418,418,0.0,13.5,19.301435406698566,25.482531136766173,3.9320399199163347,42,2.089242164584087,0.18612448518751493,126,0.6435119168873498,1.0497467659821949,9.0,271.0,0.0,TCH,435,0.03686635944700461,
W2,395,395,0.0,14.0,20.4253164556962,24.269077273110643,3.8372780446828956,40,2.09993919871086,0.18782427187735687,125,0.7078419640616858,,,,,TCH,435,0.03686635944700461,
W5,343,343,0.0,17.0,23.52186588921283,94.21930712037849,16.15847786425242,34,2.464512500454053,0.23605748531909965,109,0.7660256901350904,,,,,TCH,435,0.03686635944700461,
W30,167,167,0.0,51.0,48.31137724550898,9.449898328956902,2.2919369977433606,17,5.403062981671287,0.9551356183794434,32,0.9100810019739977,,,,,TCH,435,0.03686635944700461,
deseas,418,418,0.0,15.859873866879987,21.39112555265694,4.704816974139219,0.7259690200681942,42,2.5272578173559435,0.21832182317174634,134,0.9795404510846737,4.43749756213163,46.20844137429731,34.0,0.9533333333333334,TCH,435,0.03686635944700461,2.51509697015553
print,222,210,0.05405405405405406,22.0,36.3018018018018,2.5837899399721618,0.5508658661144845,22,1.2959283567667497,0.1527266215002847,72,2.039984911354206,1.045638623784307,18.0,122.0,0.0,HHV,223,0.05405405405405406,
second,210,210,0.0,22.0,38.37619047619047,2.535675242389693,0.5533297017179174,21,1.6387909424733103,0.22725941434051836,52,2.0104594695554727,1.045638623784307,18.0,122.0,0.0,HHV,223,0.05405405405405406,
W2,203,203,0.0,23.0,39.69950738916256,2.41280996955851,0.5395207108722027,20,1.6384358924587081,0.22721017776232597,52,1.9093214199468729,,,,,HHV,223,0.05405405405405406,
W5,185,185,0.0,26.0,43.56216216216216,2.27275280839873,0.5356929742598374,18,2.098206300229519,0.37091397580515745,32,1.8050992650926523,,,,,HHV,223,0.05405405405405406,
W30,111,111,0.0,53.0,72.4054054054054,2.9657071081344006,0.8941943377974342,11,2.4484856649846574,0.4397610073677982,31,1.4912101697750273,,,,,HHV,223,0.05405405405405406,
print,230,226,0.017391304347826087,12.0,34.208695652173915,1.6611092644744356,0.3463652249666654,23,0.8759259662896325,0.10949074578620406,64,0.594003241491086,1.4844356569078072,70.60344827586209,33.0,0.9266666666666666,SBT,231,0.017391304347826087,
second,226,226,0.0,12.0,34.8141592920354,1.6611092644744356,0.3463652249666654,23,0.8759259662896325,0.11035629874791969,63,0.5940032414910859,1.4844356569078072,70.60344827586209,33.0,0.9066666666666666,SBT,231,0.017391304347826087,
W2,223,223,0.0,12.0,35.28251121076233,1.6159722995946277,0.34452645188439773,22,0.8795181890810513,0.10993977363513141,64,0.5974019345124161,,,,,SBT,231,0.017391304347826087,
W5,186,186,0.0,14.0,42.27956989247312,1.5611860228506917,0.358160637140755,19,0.9462742062000554,0.1275955879345182,55,0.6048979591836735,,,,,SBT,231,0.017391304347826087,
W30,91,91,0.0,47.0,86.41758241758242,2.0223936080854132,0.6395370126915827,10,1.5179494479535496,0.32362790969530014,22,0.914360662758639,,,,,SBT,231,0.017391304347826087,
print,297,279,0.06060606060606061,22.0,27.21212121212121,2.7118124921982143,0.4951069579004214,30,1.9363635879461407,0.20880345561839248,86,1.3293351491025909,2.2078425914081516,39.0,76.0,0.2966666666666667,DCM,298,0.06060606060606061,
second,279,279,0.0,22.0,28.967741935483872,2.89364477547185,0.5468474613185607,28,1.93364590102214,0.2073086008423558,87,1.3299128139348986,2.2078425914081516,39.0,76.0,0.30333333333333334,DCM,298,0.06060606060606061,
W2,261,261,0.0,24.0,30.96551724137931,2.940223269985045,0.5766252241528205,26,1.931502789365813,0.20950089218756862,85,1.3145686648680661,,,,,DCM,298,0.06060606060606061,
W5,233,233,0.0,26.0,34.68669527896996,3.2131804517868465,0.6699944391639812,23,2.342670943781114,0.31029434669941897,57,1.30063495164599,,,,,DCM,298,0.06060606060606061,
W30,143,143,0.0,46.0,56.51748251748252,3.6576088358932677,0.9775370799106916,14,2.6758759873146483,0.39453638999758844,46,1.1314209866529017,,,,,DCM,298,0.06060606060606061,
print,449,394,0.12249443207126949,9.0,17.928730512249444,1.8606292714880008,0.27736623546487205,45,1.0803997190588661,0.08910986694729034,147,0.4379077264155752,1.7366194819300695,39.76034482758621,57.0,0.4033333333333333,GAS,450,0.12249443207126949,
second,394,394,0.0,9.0,20.431472081218274,1.7399793286580474,0.27861967755702804,39,1.2457605107021037,0.1227484304775685,103,0.396357328707719,1.7366194819300695,39.76034482758621,57.0,0.46,GAS,450,0.12249443207126949,
W2,366,366,0.0,11.0,21.994535519125684,1.709932964959025,0.2811112477993107,37,1.2679111834440864,0.12493100111593963,103,0.44136078782453,,,,,GAS,450,0.12249443207126949,
W5,305,305,0.0,14.0,26.39344262295082,1.6639987410483643,0.30380321537746224,30,1.4232314552044674,0.16012604904678845,79,0.557699146514936,,,,,GAS,450,0.12249443207126949,
W30,136,136,0.0,43.5,59.19117647058823,3.2714866009372194,0.8743415718663372,14,1.9813631596194745,0.32141954752960905,38,0.7564913811913594,,,,,GAS,450,0.12249443207126949,
deseas,394,394,0.0,17.00824508574566,26.628248974324396,2.3424246071868633,0.37508812777643885,39,1.5303123164193593,0.13854796724508137,122,0.9209758515987883,1.5289797731966717,26.65240963132332,130.0,0.0033333333333333335,GAS,450,0.12249443207126949,6.564222584655503
print,1063,965,0.09219190968955786,3.0,7.608654750705551,2.3150558689986767,0.2248581036125625,106,1.2794428315618056,0.07399208940893594,299,1.1717303977433462,1.466371045508588,10.0,273.0,0.0,MSN,1064,0.09219190968955786,
second,965,965,0.0,3.0,8.381347150259067,2.588967593565078,0.26423539853482114,96,1.4287717879314605,0.09054473304773832,249,1.125722655122341,1.466371045508588,10.0,273.0,0.0,MSN,1064,0.09219190968955786,
W2,713,713,0.0,7.0,11.343618513323984,2.5427533109827944,0.30176929907860717,71,1.487244544320535,0.09743262962646487,233,1.1383523367701673,,,,,MSN,1064,0.09219190968955786,
W5,498,498,0.0,12.0,16.23694779116466,3.9027638992532547,0.5519341637064056,50,2.0097024868213347,0.16747520723511122,144,1.1046330036439354,,,,,MSN,1064,0.09219190968955786,
W30,199,199,0.0,37.0,40.63316582914573,11.104344630832781,2.4830069440126903,20,4.916750381092976,0.6884827636781622,51,1.0041226070819167,,,,,MSN,1064,0.09219190968955786,
deseas,965,965,0.0,3.5408506683113026,8.744577891892934,2.626068122405598,0.26802195540343304,96,1.697137410186888,0.11683575762979515,211,1.0118124237829134,2.2321816252015845,19.487266986435515,138.0,0.006666666666666667,MSN,1064,0.09219190968955786,2.2553858424383804
print,863,780,0.09617612977983778,7.0,9.349942062572422,3.0451534045187847,0.32836733643915245,86,1.8504419703864092,0.12363785477308634,224,1.4433168200477509,1.668159465669757,9.0,349.0,0.0,BID,864,0.09617612977983778,
second,780,780,0.0,7.0,10.344871794871795,3.6377791682481626,0.41189738074970234,78,1.9500146666291112,0.13686419863256138,203,1.4578129759366434,1.668159465669757,9.0,349.0,0.0,BID,864,0.09617612977983778,
W2,701,701,0.0,9.0,11.510699001426534,3.7100377095336663,0.4434343212144083,70,2.007205294102252,0.14878395526518387,182,1.3983459092835946,,,,,BID,864,0.09617612977983778,
W5,553,553,0.0,11.0,14.591320072332731,3.6301385311269994,0.48948777968166773,55,2.2541217365020074,0.17548313918783515,165,1.2108245849730317,,,,,BID,864,0.09617612977983778,
W30,207,207,0.0,36.0,38.95169082125604,4.801334596162922,1.0477371058917535,21,4.6086077899650855,0.645334170338445,51,0.9798517590562689,,,,,BID,864,0.09617612977983778,
deseas,780,780,0.0,8.736329085762373,11.4123960475347,3.7804721876064566,0.428054183624917,78,2.0740731580580536,0.1370586121549391,229,1.0131303484773808,4.977466328278854,28.379793238376735,64.0,0.5433333333333333,BID,864,0.09617612977983778,3.2792451213503844
